# Title: Calibrated AquaCrop parameters - Jablje maize site, Slovenia
# Authors: Rok Kuk, Ajda Bleiweis, Tanja Travnikar, Lazar Pavić, Aleš Kolmanič, Nejc Golob, Petra Pantar, Tjaša Pogačar
# Contact: rok.kuk@bf.uni-lj.si
# Date exported: 2026-09-04
# Parameter version: 2.0
# Aquacrop version: 7.1
# Source file: aquacrop_slovenia/parameters_projections_jablje.py
# License: CC BY 4.0
# DOI: 10.5281/zenodo.21829886
parameter,value
maize_params.crop_type,2
maize_params.is_sown,True
maize_params.cycle_determination,0
maize_params.adjust_for_eto,True
maize_params.base_temp,10.0
maize_params.upper_temp,30.0
maize_params.gdd_cycle_length,1184
maize_params.dormancy_eto_threshold,50
maize_params.p_upper_canopy,0.14
maize_params.p_lower_canopy,0.72
maize_params.shape_canopy,2.9
maize_params.p_upper_stomata,0.69
maize_params.shape_stomata,6.0
maize_params.p_upper_senescence,0.69
maize_params.shape_senescence,2.7
maize_params.p_upper_pollination,0.8
maize_params.aeration_stress_threshold,5
maize_params.fertility_stress_calibration,50
maize_params.shape_fertility_canopy_expansion,25
maize_params.shape_fertility_max_canopy,25
maize_params.shape_fertility_water_productivity,25
maize_params.shape_fertility_decline,25
maize_params.cold_stress_for_pollination,10
maize_params.heat_stress_for_pollination,40
maize_params.minimum_growing_degrees_pollination,12.0
maize_params.salinity_threshold_ece,2
maize_params.salinity_max_ece,10
maize_params.salinity_shape_factor,-9
maize_params.salinity_stress_cc,25
maize_params.salinity_stress_stomata,100
maize_params.kc_max,1.05
maize_params.kc_decline,0.3
maize_params.min_rooting_depth,0.3
maize_params.max_rooting_depth,0.47
maize_params.root_expansion_shape,13
maize_params.max_water_extraction_top,0.045
maize_params.max_water_extraction_bottom,0.011
maize_params.soil_evaporation_reduction,50
maize_params.canopy_cover_per_seedling,6.5
maize_params.canopy_regrowth_size,6.5
maize_params.plant_density,85900
maize_params.max_canopy_cover,0.88
maize_params.canopy_growth_coefficient,0.16312
maize_params.canopy_thinning_years,-9
maize_params.canopy_thinning_shape,-9
maize_params.canopy_decline_coefficient,0.11691
maize_params.days_emergence,6
maize_params.days_max_rooting,108
maize_params.days_senescence,107
maize_params.days_maturity,132
maize_params.days_flowering,66
maize_params.days_flowering_length,13
maize_params.days_crop_determinancy,1
maize_params.days_hi_start,61
maize_params.gdd_emergence,20
maize_params.gdd_max_rooting,839
maize_params.gdd_senescence,1046
maize_params.gdd_maturity,1190
maize_params.gdd_flowering,531
maize_params.gdd_flowering_length,147
maize_params.cgc_gdd,0.012494
maize_params.cdc_gdd,0.01
maize_params.gdd_hi_start,410
maize_params.water_productivity,33.7
maize_params.water_productivity_yield_formation,100
maize_params.co2_response_strength,50
maize_params.harvest_index,0.563
maize_params.water_stress_hi_increase,0
maize_params.veg_growth_impact_hi,7.0
maize_params.stomatal_closure_impact_hi,3.0
maize_params.max_hi_increase,15
maize_params.dry_matter_content,90
maize_params.is_perennial,False
maize_params.first_year_min_rooting,0.0
maize_params.assimilate_transfer,0
maize_params.assimilate_storage_days,0
maize_params.assimilate_transfer_percent,0
maize_params.root_to_shoot_transfer_percent,0
maize_params.restart_type,0
maize_params.restart_window_day,0
maize_params.restart_window_month,0
maize_params.restart_window_length,0
maize_params.restart_gdd_threshold,0
maize_params.restart_days_required,0
maize_params.restart_occurrences,0
maize_params.end_type,0
maize_params.end_window_day,0
maize_params.end_window_month,0
maize_params.end_window_years_offset,0
maize_params.end_window_length,0
maize_params.end_gdd_threshold,0
maize_params.end_days_required,0
maize_params.end_occurrences,0
soil_layers[0].thickness,0.35
soil_layers[0].sat,38.3
soil_layers[0].fc,32.2
soil_layers[0].wp,13.2
soil_layers[0].ksat,92.0
soil_layers[0].penetrability,100
soil_layers[0].gravel,0
soil_layers[0].cra,-0.49032
soil_layers[0].crb,0.028511
soil_layers[0].description,Ap 0-35
soil_layers[1].thickness,0.25
soil_layers[1].sat,41.1
soil_layers[1].fc,33.1
soil_layers[1].wp,15.2
soil_layers[1].ksat,116.0
soil_layers[1].penetrability,100
soil_layers[1].gravel,0
soil_layers[1].cra,-0.48816
soil_layers[1].crb,0.139265
soil_layers[1].description,Apl 35-60
soil_layers[2].thickness,0.5
soil_layers[2].sat,44.5
soil_layers[2].fc,37.8
soil_layers[2].wp,19.5
soil_layers[2].ksat,8600
soil_layers[2].penetrability,100
soil_layers[2].gravel,1
soil_layers[2].cra,0.2754
soil_layers[2].crb,2.196637
soil_layers[2].description,B1+B2 60-110
soil_layers[3].thickness,0.38
soil_layers[3].sat,44.2
soil_layers[3].fc,38.6
soil_layers[3].wp,21.3
soil_layers[3].ksat,513.0
soil_layers[3].penetrability,100
soil_layers[3].gravel,0
soil_layers[3].cra,-0.58822
soil_layers[3].crb,-0.023409
soil_layers[3].description,B3 110-148
soil_layers[4].thickness,0.2
soil_layers[4].sat,43.9
soil_layers[4].fc,39.2
soil_layers[4].wp,22.9
soil_layers[4].ksat,829.0
soil_layers[4].penetrability,100
soil_layers[4].gravel,0
soil_layers[4].cra,-0.60086
soil_layers[4].crb,0.260814
soil_layers[4].description,BC 148-168+
curve_number,72
readily_evaporable_water,10
groundwater.name,DeepGroundwater
groundwater.description,Fixed deep groundwater table at given depth
groundwater.params.groundwater_type,1
groundwater.params.first_day,1
groundwater.params.first_month,1
groundwater.params.first_year,1901
groundwater.params.groundwater_observations[0].day,1
groundwater.params.groundwater_observations[0].depth,2.7
groundwater.params.groundwater_observations[0].ec,0.0
management.name,OptimalFieldManagement
management.description,"Optimal field management with no fertility stress, runoff adjustment for row crops"
management.params.fertility_stress,0
management.params.mulch_cover,0
management.params.mulch_effect,50
management.params.bund_height,0.0
management.params.surface_runoff_affected,0
management.params.runoff_adjustment,15
management.params.weed_cover_initial,0
management.params.weed_cover_increase,0
management.params.weed_shape_factor,100.0
management.params.weed_replacement,100
management.params.multiple_cuttings,False
management.params.canopy_after_cutting,25
management.params.cgc_increase_after_cutting,20
management.params.cutting_window_start_day,1
management.params.cutting_window_length,-9
management.params.cutting_schedule_type,0
management.params.cutting_time_criterion,0
management.params.final_harvest_at_maturity,0
management.params.day_nr_base,41274
initial_cond.name,FieldCapacityInitialJablje
initial_cond.description,Initial soil water content at field capacity
initial_cond.params.initial_canopy_cover,-9.0
initial_cond.params.initial_biomass,0.0
initial_cond.params.initial_rooting_depth,-9.0
initial_cond.params.water_layer,0.0
initial_cond.params.water_layer_ec,0.0
initial_cond.params.soil_water_content_type,0
initial_cond.params.soil_data[0].thickness,0.35
initial_cond.params.soil_data[0].water_content,32.0
initial_cond.params.soil_data[0].ec,0.0
initial_cond.params.soil_data[1].thickness,0.25
initial_cond.params.soil_data[1].water_content,33.1
initial_cond.params.soil_data[1].ec,0.0
initial_cond.params.soil_data[2].thickness,0.5
initial_cond.params.soil_data[2].water_content,37.8
initial_cond.params.soil_data[2].ec,0.0
initial_cond.params.soil_data[3].thickness,0.38
initial_cond.params.soil_data[3].water_content,38.6
initial_cond.params.soil_data[3].ec,0.0
initial_cond.params.soil_data[4].thickness,0.2
initial_cond.params.soil_data[4].water_content,39.2
initial_cond.params.soil_data[4].ec,0.0
